{
  "Routes": [
    {
      "DownstreamPathTemplate": "/api/category",
      "DownstreamScheme": "http",
      "DownstreamHostAndPorts": [
        {
          "Host": "localhost",
          "Port": 5188 // Adjust to match the port where the Category service is running
        }
      ],
      "UpstreamPathTemplate": "/gateway/category",
      "UpstreamHttpMethod": [ "GET", "POST", "PUT", "DELETE" ]
    },
    {
      "DownstreamPathTemplate": "/api/product",
      "DownstreamScheme": "http",
      "DownstreamHostAndPorts": [
        {
          "Host": "localhost",
          "Port": 5188 // Adjust to match the port where the Product service is running
        }
      ],
      "UpstreamPathTemplate": "/gateway/product",
      "UpstreamHttpMethod": [ "GET", "POST", "PUT", "DELETE" ]
    }
  ],
  "GlobalConfiguration": {
    "BaseUrl": "http://localhost:5181" // Gateway base URL
  }
}
