{
  "Routes": [
    {
      //Authenticate
      "DownstreamPathTemplate": "/Auth/authenticate",
      "DownstreamScheme": "https",
      "DownstreamHostAndPorts": [
        {
          "Host": "localhost",
          "Port": 7174
        }
      ],
      "UpstreamPathTemplate": "/authenticate",
      "UpstreamHttpMethod": [ "POST" ],
      "AddHeadersToRequest": {
        "Content-Type": "application/json"
      }
    },
    {
      //USerManagemnet
      "DownstreamPathTemplate": "/Auth/{userId}",
      "DownstreamScheme": "https",
      "DownstreamHostAndPorts": [
        {
          "Host": "localhost",
          "Port": 7174
        }
      ],
      "UpstreamPathTemplate": "/authenticate/{userId}",
      "UpstreamHttpMethod": [ "GET", "PUT" ],
      "AddHeadersToRequest": {
        "Content-Type": "application/json"
      }
    },
    {
      //Wishlist
      "DownstreamPathTemplate": "/api/WishlistItems/{UserId}",
      "DownstreamScheme": "http",
      "DownstreamHostAndPorts": [
        {
          "Host": "localhost",
          "Port": 5276
        }
      ],
      "UpstreamPathTemplate": "/wishlist/{UserId}",
      "UpstreamHttpMethod": [ "GET", "PUT", "POST", "DELETE" ],
      "AddHeadersToRequest": {
        "Content-Type": "application/json"
      }
    },

    {
      //Category
      "DownstreamPathTemplate": "/api/Category",
      "DownstreamScheme": "https",
      "DownstreamHostAndPorts": [
        {
          "Host": "localhost",
          "Port": 7174
        }
      ],
      "UpstreamPathTemplate": "/category",
      "UpstreamHttpMethod": [ "GET" ],
      "AddHeadersToRequest": {
        "Content-Type": "application/json"
      }
    },
    {
      //Product
      "DownstreamPathTemplate": "/api/Products/api/{categoryName}",
      "DownstreamScheme": "https",
      "DownstreamHostAndPorts": [
        {
          "Host": "localhost",
          "Port": 7174
        }
      ],
      "UpstreamPathTemplate": "/product/{categoryName}",
      "UpstreamHttpMethod": [ "GET" ],
      "AddHeadersToRequest": {
        "Content-Type": "application/json"
      }
    }



  ],
  "GlobalConfiguration": {
    "BaseUrl": "https://localhost:7082"
  }
}
